{
  "trans": [
    [
      -0.0832456536591053,
      0.506993118673563,
      0.4710409608669579
    ],
    [
      0.10246204026043415,
      0.314585002604872,
      0.6661018207669258
    ],
    [
      0.6461933292448521,
      -0.29769045021384954,
      0.8417745903134346
    ],
    [
      0.12553119845688343,
      -0.47506508603692055,
      0.7968791201710701
    ],
    [
      -0.6343159675598145,
      -0.44573003239929676,
      0.6076626814901829
    ],
    [
      0.6936593055725098,
      0.03144974634051323,
      0.7717781104147434
    ],
    [
      -0.7010895609855652,
      -0.08413033932447433,
      0.6385332383215427
    ],
    [
      0.41199204325675964,
      0.1119186133146286,
      0.8021637201309204
    ],
    [
      0.19266149564646184,
      -0.10754938703030348,
      0.8587560579180717
    ],
    [
      -0.02269282378256321,
      0.14435359928756952,
      0.72416215762496
    ],
    [
      0.3936788598075509,
      -0.39658987522125244,
      0.8567029163241386
    ],
    [
      0.5464661791920662,
      0.26204225525725633,
      0.745728611946106
    ],
    [
      -0.3322404623031616,
      -0.2024178234860301,
      0.7085532583296299
    ],
    [
      -0.06776028871536255,
      -0.08323324378579855,
      0.802886076271534
    ],
    [
      -0.6091265082359314,
      0.35783062037080526,
      0.5276948735117912
    ],
    [
      0.03420380409806967,
      0.4824556075036526,
      0.1793502273503691
    ],
    [
      -0.41974008083343506,
      0.163724092693883,
      0.7371768951416016
    ]
  ],
  "offset": [
    [
      0.579248171299696,
      0.11031049862504005,
      0.07190698711201549
    ],
    [
      0.38346742279827595,
      0.1568953120149672,
      0.0929642841219902
    ],
    [
      0.21536162868142128,
      0.43503058049827814,
      0.06328599900007248
    ],
    [
      0.3289084602147341,
      0.2737071178853512,
      0.04205649346113205
    ],
    [
      0.3713185787200928,
      0.2203174214810133,
      0.054531749337911606
    ],
    [
      0.20573610067367554,
      0.41669727489352226,
      0.05810552462935448
    ],
    [
      0.25804126262664795,
      0.35625550895929337,
      0.045402225106954575
    ],
    [
      0.3457421287894249,
      0.18736650794744492,
      0.046482086181640625
    ],
    [
      0.3076772259082645,
      0.24024529475718737,
      0.046094782650470734
    ],
    [
      0.31627494655549526,
      0.2108173379674554,
      0.05023640766739845
    ],
    [
      0.2732746386900544,
      0.29009079933166504,
      0.036152906715869904
    ],
    [
      0.29455483704805374,
      0.216731985216029,
      0.07405996322631836
    ],
    [
      0.27230411767959595,
      0.2532459171488881,
      0.03973829373717308
    ],
    [
      0.27489209175109863,
      0.2078868979588151,
      0.05549906939268112
    ],
    [
      0.25892555713653564,
      0.19004049059003592,
      0.04745037108659744
    ],
    [
      0.16433174069970846,
      0.1859939955174923,
      0.060358345275744796
    ],
    [
      0.2223607897758484,
      0.1863432060199557,
      0.0564877986907959
    ]
  ],
  "norm": [
    [
      [
        -0.9984002810693164,
        0.000747807221716037,
        -0.05653600220274816
      ],
      [
        -0.0557247187929635,
        -0.9945406428005852,
        -0.0882250844898654
      ],
      [
        -0.2370951722366691,
        -0.3553282025868882,
        0.9041724104109988
      ]
    ],
    [
      [
        -0.9725553580392223,
        0.017879105830120316,
        -0.23198364839771618
      ],
      [
        -0.1323578240483165,
        -0.9818705068848163,
        -0.13568977162243667
      ],
      [
        -0.23900362521119184,
        -0.1839178819337163,
        0.9534419121482567
      ]
    ],
    [
      [
        -0.9794083333762224,
        0.07216958434022,
        -0.18854937711212527
      ],
      [
        -0.058559394654796114,
        -0.9810528069236502,
        -0.1846786054877254
      ],
      [
        -0.3123031838381002,
        -0.13039625673993113,
        0.9409907213106832
      ]
    ],
    [
      [
        -0.9704375751531817,
        0.08659511020714036,
        -0.22528248848728993
      ],
      [
        -0.03309347618879502,
        -0.9859149558549725,
        -0.16394060404679855
      ],
      [
        -0.22883213476167927,
        -0.16358212927658614,
        0.9596232287110139
      ]
    ],
    [
      [
        -0.9440388304397477,
        0.09934762094903962,
        -0.3145166717897783
      ],
      [
        -0.044557129475228274,
        -0.9988965456477602,
        -0.014844302135840723
      ],
      [
        -0.23012197173651547,
        -0.11040081269082004,
        0.9668792782355534
      ]
    ],
    [
      [
        -0.9818272429136469,
        0.10026634109736686,
        -0.16112704898785055
      ],
      [
        -0.1191243527652016,
        -0.9903273381430647,
        -0.07114177327522689
      ],
      [
        -0.23576860535158053,
        -0.1722885444926061,
        0.9564150888433274
      ]
    ],
    [
      [
        -0.968829249821033,
        0.07863394688959136,
        -0.23491825618239942
      ],
      [
        -0.006289936768730294,
        -0.9799373360972743,
        -0.1992065611821631
      ],
      [
        -0.22006558720421543,
        -0.15753377525985895,
        0.9626807606786583
      ]
    ],
    [
      [
        -0.9777367959891112,
        0.057676622666655485,
        -0.20175273224101625
      ],
      [
        -0.06696811094026468,
        -0.9964650989448903,
        -0.05072059445473847
      ],
      [
        -0.2466989017857378,
        -0.17665197285324594,
        0.9528555674102801
      ]
    ],
    [
      [
        -0.9694448101840306,
        0.075254148741651,
        -0.23348141918452167
      ],
      [
        -0.05922410111806846,
        -0.9922803219954488,
        -0.10895993955287049
      ],
      [
        -0.23093577444357993,
        -0.17488573305738714,
        0.9571225879975481
      ]
    ],
    [
      [
        -0.9738852689750908,
        0.0826560531344586,
        -0.2114603030205643
      ],
      [
        -0.061198268009831094,
        -0.994761235211349,
        -0.0818831906644351
      ],
      [
        -0.23660432910319468,
        -0.1926618640257394,
        0.9523128674966829
      ]
    ],
    [
      [
        -0.972947368984166,
        0.0758276262003523,
        -0.21822829397584736
      ],
      [
        -0.04394545332575009,
        -0.9793887273970036,
        -0.1971459301625884
      ],
      [
        -0.23877144166139475,
        -0.14934170570887761,
        0.9595234512938713
      ]
    ],
    [
      [
        -0.9513631096245526,
        0.1645324446758671,
        -0.26045596229398155
      ],
      [
        -0.04527270992315938,
        -0.9893155770382527,
        -0.13858236094713722
      ],
      [
        -0.22361916384765063,
        -0.17029188749092133,
        0.9596849184054405
      ]
    ],
    [
      [
        -0.9579595223040356,
        0.10527052183641014,
        -0.26689262046619777
      ],
      [
        -0.05313567680915845,
        -0.9852659218129056,
        -0.16256587330740113
      ],
      [
        -0.25512425394347726,
        -0.14995341268475484,
        0.9552097094743017
      ]
    ],
    [
      [
        -0.9733152137200773,
        0.07651147351340008,
        -0.21634114070571167
      ],
      [
        -0.05030154783103478,
        -0.9889587443906259,
        -0.1393928125088197
      ],
      [
        -0.23219743784879943,
        -0.1713996492548596,
        0.9574479150803786
      ]
    ],
    [
      [
        -0.9696901736973483,
        0.0672012940040235,
        -0.2349147784176021
      ],
      [
        -0.08936107444463995,
        -0.9889189092520775,
        -0.11854952255399728
      ],
      [
        -0.3120778868323309,
        -0.12013259300257506,
